 ,Label,X,Y,Slice,Frame
1,210617_2_MMImages_Pos5.ome-1_mitosis.tif:1,0.000,0.000,0,0
2,210617_2_MMImages_Pos5.ome-1_mitosis.tif:2,0.000,0.000,0,0
3,210617_2_MMImages_Pos5.ome-1_mitosis.tif:3,0.000,0.000,0,0
4,210617_2_MMImages_Pos5.ome-1_mitosis.tif:4,0.000,0.000,0,0
5,210617_2_MMImages_Pos5.ome-1_mitosis.tif:5,20.667,21.333,5,1
6,210617_2_MMImages_Pos5.ome-1_mitosis.tif:6,20.667,20.889,6,1
7,210617_2_MMImages_Pos5.ome-1_mitosis.tif:7,21.333,20.667,7,1
8,210617_2_MMImages_Pos5.ome-1_mitosis.tif:8,0.000,0.000,0,0
9,210617_2_MMImages_Pos5.ome-1_mitosis.tif:9,0.000,0.000,0,0
10,210617_2_MMImages_Pos5.ome-1_mitosis.tif:10,0.000,0.000,0,0
11,210617_2_MMImages_Pos5.ome-1_mitosis.tif:11,0.000,0.000,0,0
12,210617_2_MMImages_Pos5.ome-1_mitosis.tif:12,0.000,0.000,0,0
13,210617_2_MMImages_Pos5.ome-1_mitosis.tif:13,0.000,0.000,0,0
14,210617_2_MMImages_Pos5.ome-1_mitosis.tif:14,0.000,0.000,0,0
15,210617_2_MMImages_Pos5.ome-1_mitosis.tif:15,0.000,0.000,0,0
16,210617_2_MMImages_Pos5.ome-1_mitosis.tif:16,0.000,0.000,0,0
17,210617_2_MMImages_Pos5.ome-1_mitosis.tif:17,0.000,0.000,0,0
18,210617_2_MMImages_Pos5.ome-1_mitosis.tif:18,0.000,0.000,0,0
19,210617_2_MMImages_Pos5.ome-1_mitosis.tif:19,0.000,0.000,0,0
20,210617_2_MMImages_Pos5.ome-1_mitosis.tif:20,0.000,0.000,0,0
21,210617_2_MMImages_Pos5.ome-1_mitosis.tif:21,0.000,0.000,0,0
22,210617_2_MMImages_Pos5.ome-1_mitosis.tif:22,0.000,0.000,0,0
23,210617_2_MMImages_Pos5.ome-1_mitosis.tif:23,0.000,0.000,0,0
24,210617_2_MMImages_Pos5.ome-1_mitosis.tif:24,0.000,0.000,0,0
25,210617_2_MMImages_Pos5.ome-1_mitosis.tif:25,0.000,0.000,0,0
26,210617_2_MMImages_Pos5.ome-1_mitosis.tif:26,0.000,0.000,0,0
27,210617_2_MMImages_Pos5.ome-1_mitosis.tif:27,20.444,20.667,5,2
28,210617_2_MMImages_Pos5.ome-1_mitosis.tif:28,21.556,21.111,6,2
29,210617_2_MMImages_Pos5.ome-1_mitosis.tif:29,21.556,20.889,7,2
30,210617_2_MMImages_Pos5.ome-1_mitosis.tif:30,21.556,20.667,8,2
31,210617_2_MMImages_Pos5.ome-1_mitosis.tif:31,0.000,0.000,0,0
32,210617_2_MMImages_Pos5.ome-1_mitosis.tif:32,0.000,0.000,0,0
33,210617_2_MMImages_Pos5.ome-1_mitosis.tif:33,0.000,0.000,0,0
34,210617_2_MMImages_Pos5.ome-1_mitosis.tif:34,0.000,0.000,0,0
35,210617_2_MMImages_Pos5.ome-1_mitosis.tif:35,0.000,0.000,0,0
36,210617_2_MMImages_Pos5.ome-1_mitosis.tif:36,0.000,0.000,0,0
37,210617_2_MMImages_Pos5.ome-1_mitosis.tif:37,0.000,0.000,0,0
38,210617_2_MMImages_Pos5.ome-1_mitosis.tif:38,0.000,0.000,0,0
39,210617_2_MMImages_Pos5.ome-1_mitosis.tif:39,0.000,0.000,0,0
40,210617_2_MMImages_Pos5.ome-1_mitosis.tif:40,0.000,0.000,0,0
41,210617_2_MMImages_Pos5.ome-1_mitosis.tif:41,0.000,0.000,0,0
42,210617_2_MMImages_Pos5.ome-1_mitosis.tif:42,0.000,0.000,0,0
43,210617_2_MMImages_Pos5.ome-1_mitosis.tif:43,0.000,0.000,0,0
44,210617_2_MMImages_Pos5.ome-1_mitosis.tif:44,0.000,0.000,0,0
45,210617_2_MMImages_Pos5.ome-1_mitosis.tif:45,0.000,0.000,0,0
46,210617_2_MMImages_Pos5.ome-1_mitosis.tif:46,0.000,0.000,0,0
47,210617_2_MMImages_Pos5.ome-1_mitosis.tif:47,0.000,0.000,0,0
48,210617_2_MMImages_Pos5.ome-1_mitosis.tif:48,0.000,0.000,0,0
49,210617_2_MMImages_Pos5.ome-1_mitosis.tif:49,0.000,0.000,0,0
50,210617_2_MMImages_Pos5.ome-1_mitosis.tif:50,19.778,20.444,6,3
51,210617_2_MMImages_Pos5.ome-1_mitosis.tif:51,20.667,20.667,7,3
52,210617_2_MMImages_Pos5.ome-1_mitosis.tif:52,20.667,20.444,8,3
53,210617_2_MMImages_Pos5.ome-1_mitosis.tif:53,0.000,0.000,0,0
54,210617_2_MMImages_Pos5.ome-1_mitosis.tif:54,0.000,0.000,0,0
55,210617_2_MMImages_Pos5.ome-1_mitosis.tif:55,0.000,0.000,0,0
56,210617_2_MMImages_Pos5.ome-1_mitosis.tif:56,0.000,0.000,0,0
57,210617_2_MMImages_Pos5.ome-1_mitosis.tif:57,0.000,0.000,0,0
58,210617_2_MMImages_Pos5.ome-1_mitosis.tif:58,0.000,0.000,0,0
59,210617_2_MMImages_Pos5.ome-1_mitosis.tif:59,0.000,0.000,0,0
60,210617_2_MMImages_Pos5.ome-1_mitosis.tif:60,0.000,0.000,0,0
61,210617_2_MMImages_Pos5.ome-1_mitosis.tif:61,0.000,0.000,0,0
62,210617_2_MMImages_Pos5.ome-1_mitosis.tif:62,0.000,0.000,0,0
63,210617_2_MMImages_Pos5.ome-1_mitosis.tif:63,0.000,0.000,0,0
64,210617_2_MMImages_Pos5.ome-1_mitosis.tif:64,0.000,0.000,0,0
65,210617_2_MMImages_Pos5.ome-1_mitosis.tif:65,0.000,0.000,0,0
66,210617_2_MMImages_Pos5.ome-1_mitosis.tif:66,0.000,0.000,0,0
67,210617_2_MMImages_Pos5.ome-1_mitosis.tif:67,0.000,0.000,0,0
68,210617_2_MMImages_Pos5.ome-1_mitosis.tif:68,0.000,0.000,0,0
69,210617_2_MMImages_Pos5.ome-1_mitosis.tif:69,0.000,0.000,0,0
70,210617_2_MMImages_Pos5.ome-1_mitosis.tif:70,0.000,0.000,0,0
71,210617_2_MMImages_Pos5.ome-1_mitosis.tif:71,0.000,0.000,0,0
72,210617_2_MMImages_Pos5.ome-1_mitosis.tif:72,20.000,19.556,6,4
73,210617_2_MMImages_Pos5.ome-1_mitosis.tif:73,20.444,19.556,7,4
74,210617_2_MMImages_Pos5.ome-1_mitosis.tif:74,21.111,19.778,8,4
75,210617_2_MMImages_Pos5.ome-1_mitosis.tif:75,0.000,0.000,0,0
76,210617_2_MMImages_Pos5.ome-1_mitosis.tif:76,0.000,0.000,0,0
77,210617_2_MMImages_Pos5.ome-1_mitosis.tif:77,0.000,0.000,0,0
78,210617_2_MMImages_Pos5.ome-1_mitosis.tif:78,0.000,0.000,0,0
79,210617_2_MMImages_Pos5.ome-1_mitosis.tif:79,0.000,0.000,0,0
80,210617_2_MMImages_Pos5.ome-1_mitosis.tif:80,0.000,0.000,0,0
81,210617_2_MMImages_Pos5.ome-1_mitosis.tif:81,0.000,0.000,0,0
82,210617_2_MMImages_Pos5.ome-1_mitosis.tif:82,0.000,0.000,0,0
83,210617_2_MMImages_Pos5.ome-1_mitosis.tif:83,0.000,0.000,0,0
84,210617_2_MMImages_Pos5.ome-1_mitosis.tif:84,0.000,0.000,0,0
85,210617_2_MMImages_Pos5.ome-1_mitosis.tif:85,0.000,0.000,0,0
86,210617_2_MMImages_Pos5.ome-1_mitosis.tif:86,0.000,0.000,0,0
87,210617_2_MMImages_Pos5.ome-1_mitosis.tif:87,0.000,0.000,0,0
88,210617_2_MMImages_Pos5.ome-1_mitosis.tif:88,0.000,0.000,0,0
89,210617_2_MMImages_Pos5.ome-1_mitosis.tif:89,0.000,0.000,0,0
90,210617_2_MMImages_Pos5.ome-1_mitosis.tif:90,0.000,0.000,0,0
91,210617_2_MMImages_Pos5.ome-1_mitosis.tif:91,0.000,0.000,0,0
92,210617_2_MMImages_Pos5.ome-1_mitosis.tif:92,0.000,0.000,0,0
93,210617_2_MMImages_Pos5.ome-1_mitosis.tif:93,0.000,0.000,0,0
94,210617_2_MMImages_Pos5.ome-1_mitosis.tif:94,0.000,0.000,0,0
95,210617_2_MMImages_Pos5.ome-1_mitosis.tif:95,20.000,20.444,7,5
96,210617_2_MMImages_Pos5.ome-1_mitosis.tif:96,21.111,20.889,8,5
97,210617_2_MMImages_Pos5.ome-1_mitosis.tif:97,21.556,20.889,9,5
98,210617_2_MMImages_Pos5.ome-1_mitosis.tif:98,0.000,0.000,0,0
99,210617_2_MMImages_Pos5.ome-1_mitosis.tif:99,0.000,0.000,0,0
100,210617_2_MMImages_Pos5.ome-1_mitosis.tif:100,0.000,0.000,0,0
101,210617_2_MMImages_Pos5.ome-1_mitosis.tif:101,0.000,0.000,0,0
102,210617_2_MMImages_Pos5.ome-1_mitosis.tif:102,0.000,0.000,0,0
103,210617_2_MMImages_Pos5.ome-1_mitosis.tif:103,0.000,0.000,0,0
104,210617_2_MMImages_Pos5.ome-1_mitosis.tif:104,0.000,0.000,0,0
105,210617_2_MMImages_Pos5.ome-1_mitosis.tif:105,0.000,0.000,0,0
106,210617_2_MMImages_Pos5.ome-1_mitosis.tif:106,0.000,0.000,0,0
107,210617_2_MMImages_Pos5.ome-1_mitosis.tif:107,0.000,0.000,0,0
108,210617_2_MMImages_Pos5.ome-1_mitosis.tif:108,0.000,0.000,0,0
109,210617_2_MMImages_Pos5.ome-1_mitosis.tif:109,0.000,0.000,0,0
110,210617_2_MMImages_Pos5.ome-1_mitosis.tif:110,0.000,0.000,0,0
111,210617_2_MMImages_Pos5.ome-1_mitosis.tif:111,0.000,0.000,0,0
112,210617_2_MMImages_Pos5.ome-1_mitosis.tif:112,0.000,0.000,0,0
113,210617_2_MMImages_Pos5.ome-1_mitosis.tif:113,0.000,0.000,0,0
114,210617_2_MMImages_Pos5.ome-1_mitosis.tif:114,0.000,0.000,0,0
115,210617_2_MMImages_Pos5.ome-1_mitosis.tif:115,0.000,0.000,0,0
116,210617_2_MMImages_Pos5.ome-1_mitosis.tif:116,0.000,0.000,0,0
117,210617_2_MMImages_Pos5.ome-1_mitosis.tif:117,0.000,0.000,0,0
118,210617_2_MMImages_Pos5.ome-1_mitosis.tif:118,20.667,20.222,8,6
119,210617_2_MMImages_Pos5.ome-1_mitosis.tif:119,21.556,20.222,9,6
120,210617_2_MMImages_Pos5.ome-1_mitosis.tif:120,21.778,20.444,10,6
121,210617_2_MMImages_Pos5.ome-1_mitosis.tif:121,0.000,0.000,0,0
122,210617_2_MMImages_Pos5.ome-1_mitosis.tif:122,0.000,0.000,0,0
123,210617_2_MMImages_Pos5.ome-1_mitosis.tif:123,0.000,0.000,0,0
124,210617_2_MMImages_Pos5.ome-1_mitosis.tif:124,0.000,0.000,0,0
125,210617_2_MMImages_Pos5.ome-1_mitosis.tif:125,0.000,0.000,0,0
126,210617_2_MMImages_Pos5.ome-1_mitosis.tif:126,0.000,0.000,0,0
127,210617_2_MMImages_Pos5.ome-1_mitosis.tif:127,0.000,0.000,0,0
128,210617_2_MMImages_Pos5.ome-1_mitosis.tif:128,0.000,0.000,0,0
129,210617_2_MMImages_Pos5.ome-1_mitosis.tif:129,0.000,0.000,0,0
130,210617_2_MMImages_Pos5.ome-1_mitosis.tif:130,0.000,0.000,0,0
131,210617_2_MMImages_Pos5.ome-1_mitosis.tif:131,0.000,0.000,0,0
132,210617_2_MMImages_Pos5.ome-1_mitosis.tif:132,0.000,0.000,0,0
133,210617_2_MMImages_Pos5.ome-1_mitosis.tif:133,0.000,0.000,0,0
134,210617_2_MMImages_Pos5.ome-1_mitosis.tif:134,0.000,0.000,0,0
135,210617_2_MMImages_Pos5.ome-1_mitosis.tif:135,0.000,0.000,0,0
136,210617_2_MMImages_Pos5.ome-1_mitosis.tif:136,0.000,0.000,0,0
137,210617_2_MMImages_Pos5.ome-1_mitosis.tif:137,0.000,0.000,0,0
138,210617_2_MMImages_Pos5.ome-1_mitosis.tif:138,0.000,0.000,0,0
139,210617_2_MMImages_Pos5.ome-1_mitosis.tif:139,18.667,20.000,7,7
140,210617_2_MMImages_Pos5.ome-1_mitosis.tif:140,20.000,19.778,8,7
141,210617_2_MMImages_Pos5.ome-1_mitosis.tif:141,20.000,19.556,9,7
142,210617_2_MMImages_Pos5.ome-1_mitosis.tif:142,20.222,19.556,10,7
143,210617_2_MMImages_Pos5.ome-1_mitosis.tif:143,0.000,0.000,0,0
144,210617_2_MMImages_Pos5.ome-1_mitosis.tif:144,0.000,0.000,0,0
145,210617_2_MMImages_Pos5.ome-1_mitosis.tif:145,0.000,0.000,0,0
146,210617_2_MMImages_Pos5.ome-1_mitosis.tif:146,0.000,0.000,0,0
147,210617_2_MMImages_Pos5.ome-1_mitosis.tif:147,0.000,0.000,0,0
148,210617_2_MMImages_Pos5.ome-1_mitosis.tif:148,0.000,0.000,0,0
149,210617_2_MMImages_Pos5.ome-1_mitosis.tif:149,0.000,0.000,0,0
150,210617_2_MMImages_Pos5.ome-1_mitosis.tif:150,0.000,0.000,0,0
151,210617_2_MMImages_Pos5.ome-1_mitosis.tif:151,0.000,0.000,0,0
152,210617_2_MMImages_Pos5.ome-1_mitosis.tif:152,0.000,0.000,0,0
153,210617_2_MMImages_Pos5.ome-1_mitosis.tif:153,0.000,0.000,0,0
154,210617_2_MMImages_Pos5.ome-1_mitosis.tif:154,0.000,0.000,0,0
155,210617_2_MMImages_Pos5.ome-1_mitosis.tif:155,0.000,0.000,0,0
156,210617_2_MMImages_Pos5.ome-1_mitosis.tif:156,0.000,0.000,0,0
157,210617_2_MMImages_Pos5.ome-1_mitosis.tif:157,0.000,0.000,0,0
158,210617_2_MMImages_Pos5.ome-1_mitosis.tif:158,0.000,0.000,0,0
159,210617_2_MMImages_Pos5.ome-1_mitosis.tif:159,0.000,0.000,0,0
160,210617_2_MMImages_Pos5.ome-1_mitosis.tif:160,16.889,19.111,6,8
161,210617_2_MMImages_Pos5.ome-1_mitosis.tif:161,17.111,18.444,7,8
162,210617_2_MMImages_Pos5.ome-1_mitosis.tif:162,18.222,18.667,8,8
163,210617_2_MMImages_Pos5.ome-1_mitosis.tif:163,18.667,18.444,9,8
164,210617_2_MMImages_Pos5.ome-1_mitosis.tif:164,0.000,0.000,0,0
165,210617_2_MMImages_Pos5.ome-1_mitosis.tif:165,0.000,0.000,0,0
166,210617_2_MMImages_Pos5.ome-1_mitosis.tif:166,0.000,0.000,0,0
167,210617_2_MMImages_Pos5.ome-1_mitosis.tif:167,0.000,0.000,0,0
168,210617_2_MMImages_Pos5.ome-1_mitosis.tif:168,0.000,0.000,0,0
169,210617_2_MMImages_Pos5.ome-1_mitosis.tif:169,0.000,0.000,0,0
170,210617_2_MMImages_Pos5.ome-1_mitosis.tif:170,0.000,0.000,0,0
171,210617_2_MMImages_Pos5.ome-1_mitosis.tif:171,0.000,0.000,0,0
172,210617_2_MMImages_Pos5.ome-1_mitosis.tif:172,0.000,0.000,0,0
173,210617_2_MMImages_Pos5.ome-1_mitosis.tif:173,0.000,0.000,0,0
174,210617_2_MMImages_Pos5.ome-1_mitosis.tif:174,0.000,0.000,0,0
175,210617_2_MMImages_Pos5.ome-1_mitosis.tif:175,0.000,0.000,0,0
176,210617_2_MMImages_Pos5.ome-1_mitosis.tif:176,0.000,0.000,0,0
177,210617_2_MMImages_Pos5.ome-1_mitosis.tif:177,0.000,0.000,0,0
178,210617_2_MMImages_Pos5.ome-1_mitosis.tif:178,0.000,0.000,0,0
179,210617_2_MMImages_Pos5.ome-1_mitosis.tif:179,0.000,0.000,0,0
180,210617_2_MMImages_Pos5.ome-1_mitosis.tif:180,0.000,0.000,0,0
181,210617_2_MMImages_Pos5.ome-1_mitosis.tif:181,0.000,0.000,0,0
182,210617_2_MMImages_Pos5.ome-1_mitosis.tif:182,0.000,0.000,0,0
183,210617_2_MMImages_Pos5.ome-1_mitosis.tif:183,17.333,19.333,7,9
184,210617_2_MMImages_Pos5.ome-1_mitosis.tif:184,18.000,18.444,8,9
185,210617_2_MMImages_Pos5.ome-1_mitosis.tif:185,18.889,17.778,9,9
186,210617_2_MMImages_Pos5.ome-1_mitosis.tif:186,18.667,17.778,10,9
187,210617_2_MMImages_Pos5.ome-1_mitosis.tif:187,0.000,0.000,0,0
188,210617_2_MMImages_Pos5.ome-1_mitosis.tif:188,0.000,0.000,0,0
189,210617_2_MMImages_Pos5.ome-1_mitosis.tif:189,0.000,0.000,0,0
190,210617_2_MMImages_Pos5.ome-1_mitosis.tif:190,0.000,0.000,0,0
191,210617_2_MMImages_Pos5.ome-1_mitosis.tif:191,0.000,0.000,0,0
192,210617_2_MMImages_Pos5.ome-1_mitosis.tif:192,0.000,0.000,0,0
193,210617_2_MMImages_Pos5.ome-1_mitosis.tif:193,0.000,0.000,0,0
194,210617_2_MMImages_Pos5.ome-1_mitosis.tif:194,0.000,0.000,0,0
195,210617_2_MMImages_Pos5.ome-1_mitosis.tif:195,0.000,0.000,0,0
196,210617_2_MMImages_Pos5.ome-1_mitosis.tif:196,0.000,0.000,0,0
197,210617_2_MMImages_Pos5.ome-1_mitosis.tif:197,0.000,0.000,0,0
198,210617_2_MMImages_Pos5.ome-1_mitosis.tif:198,0.000,0.000,0,0
199,210617_2_MMImages_Pos5.ome-1_mitosis.tif:199,0.000,0.000,0,0
200,210617_2_MMImages_Pos5.ome-1_mitosis.tif:200,0.000,0.000,0,0
201,210617_2_MMImages_Pos5.ome-1_mitosis.tif:201,0.000,0.000,0,0
202,210617_2_MMImages_Pos5.ome-1_mitosis.tif:202,0.000,0.000,0,0
203,210617_2_MMImages_Pos5.ome-1_mitosis.tif:203,0.000,0.000,0,0
204,210617_2_MMImages_Pos5.ome-1_mitosis.tif:204,0.000,0.000,0,0
205,210617_2_MMImages_Pos5.ome-1_mitosis.tif:205,16.667,18.222,7,10
206,210617_2_MMImages_Pos5.ome-1_mitosis.tif:206,16.889,18.000,8,10
207,210617_2_MMImages_Pos5.ome-1_mitosis.tif:207,17.333,17.556,9,10
208,210617_2_MMImages_Pos5.ome-1_mitosis.tif:208,18.222,16.667,10,10
209,210617_2_MMImages_Pos5.ome-1_mitosis.tif:209,18.222,16.444,11,10
210,210617_2_MMImages_Pos5.ome-1_mitosis.tif:210,0.000,0.000,0,0
211,210617_2_MMImages_Pos5.ome-1_mitosis.tif:211,0.000,0.000,0,0
212,210617_2_MMImages_Pos5.ome-1_mitosis.tif:212,0.000,0.000,0,0
213,210617_2_MMImages_Pos5.ome-1_mitosis.tif:213,0.000,0.000,0,0
214,210617_2_MMImages_Pos5.ome-1_mitosis.tif:214,0.000,0.000,0,0
215,210617_2_MMImages_Pos5.ome-1_mitosis.tif:215,0.000,0.000,0,0
216,210617_2_MMImages_Pos5.ome-1_mitosis.tif:216,0.000,0.000,0,0
217,210617_2_MMImages_Pos5.ome-1_mitosis.tif:217,0.000,0.000,0,0
218,210617_2_MMImages_Pos5.ome-1_mitosis.tif:218,0.000,0.000,0,0
219,210617_2_MMImages_Pos5.ome-1_mitosis.tif:219,0.000,0.000,0,0
220,210617_2_MMImages_Pos5.ome-1_mitosis.tif:220,0.000,0.000,0,0
221,210617_2_MMImages_Pos5.ome-1_mitosis.tif:221,0.000,0.000,0,0
222,210617_2_MMImages_Pos5.ome-1_mitosis.tif:222,0.000,0.000,0,0
223,210617_2_MMImages_Pos5.ome-1_mitosis.tif:223,0.000,0.000,0,0
224,210617_2_MMImages_Pos5.ome-1_mitosis.tif:224,0.000,0.000,0,0
225,210617_2_MMImages_Pos5.ome-1_mitosis.tif:225,0.000,0.000,0,0
226,210617_2_MMImages_Pos5.ome-1_mitosis.tif:226,0.000,0.000,0,0
227,210617_2_MMImages_Pos5.ome-1_mitosis.tif:227,16.889,18.222,7,11
228,210617_2_MMImages_Pos5.ome-1_mitosis.tif:228,17.111,17.778,8,11
229,210617_2_MMImages_Pos5.ome-1_mitosis.tif:229,15.778,18.222,9,11
230,210617_2_MMImages_Pos5.ome-1_mitosis.tif:230,18.444,16.889,10,11
231,210617_2_MMImages_Pos5.ome-1_mitosis.tif:231,18.667,16.889,11,11
232,210617_2_MMImages_Pos5.ome-1_mitosis.tif:232,0.000,0.000,0,0
233,210617_2_MMImages_Pos5.ome-1_mitosis.tif:233,0.000,0.000,0,0
234,210617_2_MMImages_Pos5.ome-1_mitosis.tif:234,0.000,0.000,0,0
235,210617_2_MMImages_Pos5.ome-1_mitosis.tif:235,0.000,0.000,0,0
236,210617_2_MMImages_Pos5.ome-1_mitosis.tif:236,0.000,0.000,0,0
237,210617_2_MMImages_Pos5.ome-1_mitosis.tif:237,0.000,0.000,0,0
238,210617_2_MMImages_Pos5.ome-1_mitosis.tif:238,0.000,0.000,0,0
239,210617_2_MMImages_Pos5.ome-1_mitosis.tif:239,0.000,0.000,0,0
240,210617_2_MMImages_Pos5.ome-1_mitosis.tif:240,0.000,0.000,0,0
241,210617_2_MMImages_Pos5.ome-1_mitosis.tif:241,0.000,0.000,0,0
242,210617_2_MMImages_Pos5.ome-1_mitosis.tif:242,0.000,0.000,0,0
243,210617_2_MMImages_Pos5.ome-1_mitosis.tif:243,0.000,0.000,0,0
244,210617_2_MMImages_Pos5.ome-1_mitosis.tif:244,0.000,0.000,0,0
245,210617_2_MMImages_Pos5.ome-1_mitosis.tif:245,0.000,0.000,0,0
246,210617_2_MMImages_Pos5.ome-1_mitosis.tif:246,0.000,0.000,0,0
247,210617_2_MMImages_Pos5.ome-1_mitosis.tif:247,0.000,0.000,0,0
248,210617_2_MMImages_Pos5.ome-1_mitosis.tif:248,0.000,0.000,0,0
249,210617_2_MMImages_Pos5.ome-1_mitosis.tif:249,17.333,17.556,7,12
250,210617_2_MMImages_Pos5.ome-1_mitosis.tif:250,16.889,16.667,8,12
251,210617_2_MMImages_Pos5.ome-1_mitosis.tif:251,15.778,17.778,9,12
252,210617_2_MMImages_Pos5.ome-1_mitosis.tif:252,18.889,15.556,10,12
253,210617_2_MMImages_Pos5.ome-1_mitosis.tif:253,0.000,0.000,0,0
254,210617_2_MMImages_Pos5.ome-1_mitosis.tif:254,0.000,0.000,0,0
255,210617_2_MMImages_Pos5.ome-1_mitosis.tif:255,0.000,0.000,0,0
256,210617_2_MMImages_Pos5.ome-1_mitosis.tif:256,0.000,0.000,0,0
257,210617_2_MMImages_Pos5.ome-1_mitosis.tif:257,0.000,0.000,0,0
258,210617_2_MMImages_Pos5.ome-1_mitosis.tif:258,0.000,0.000,0,0
259,210617_2_MMImages_Pos5.ome-1_mitosis.tif:259,0.000,0.000,0,0
260,210617_2_MMImages_Pos5.ome-1_mitosis.tif:260,0.000,0.000,0,0
261,210617_2_MMImages_Pos5.ome-1_mitosis.tif:261,0.000,0.000,0,0
262,210617_2_MMImages_Pos5.ome-1_mitosis.tif:262,0.000,0.000,0,0
263,210617_2_MMImages_Pos5.ome-1_mitosis.tif:263,0.000,0.000,0,0
264,210617_2_MMImages_Pos5.ome-1_mitosis.tif:264,0.000,0.000,0,0
265,210617_2_MMImages_Pos5.ome-1_mitosis.tif:265,0.000,0.000,0,0
266,210617_2_MMImages_Pos5.ome-1_mitosis.tif:266,0.000,0.000,0,0
267,210617_2_MMImages_Pos5.ome-1_mitosis.tif:267,0.000,0.000,0,0
268,210617_2_MMImages_Pos5.ome-1_mitosis.tif:268,0.000,0.000,0,0
269,210617_2_MMImages_Pos5.ome-1_mitosis.tif:269,0.000,0.000,0,0
270,210617_2_MMImages_Pos5.ome-1_mitosis.tif:270,0.000,0.000,0,0
271,210617_2_MMImages_Pos5.ome-1_mitosis.tif:271,0.000,0.000,0,0
272,210617_2_MMImages_Pos5.ome-1_mitosis.tif:272,16.889,16.000,8,13
273,210617_2_MMImages_Pos5.ome-1_mitosis.tif:273,17.111,17.778,9,13
274,210617_2_MMImages_Pos5.ome-1_mitosis.tif:274,14.000,16.889,10,13
275,210617_2_MMImages_Pos5.ome-1_mitosis.tif:275,19.111,14.222,11,13
276,210617_2_MMImages_Pos5.ome-1_mitosis.tif:275,14.000,16.889,11,13
277,210617_2_MMImages_Pos5.ome-1_mitosis.tif:276,19.111,14.222,12,13
278,210617_2_MMImages_Pos5.ome-1_mitosis.tif:277,0.000,0.000,0,0
279,210617_2_MMImages_Pos5.ome-1_mitosis.tif:278,0.000,0.000,0,0
280,210617_2_MMImages_Pos5.ome-1_mitosis.tif:279,0.000,0.000,0,0
281,210617_2_MMImages_Pos5.ome-1_mitosis.tif:280,0.000,0.000,0,0
282,210617_2_MMImages_Pos5.ome-1_mitosis.tif:281,0.000,0.000,0,0
283,210617_2_MMImages_Pos5.ome-1_mitosis.tif:282,0.000,0.000,0,0
284,210617_2_MMImages_Pos5.ome-1_mitosis.tif:283,0.000,0.000,0,0
285,210617_2_MMImages_Pos5.ome-1_mitosis.tif:284,0.000,0.000,0,0
286,210617_2_MMImages_Pos5.ome-1_mitosis.tif:285,0.000,0.000,0,0
287,210617_2_MMImages_Pos5.ome-1_mitosis.tif:286,0.000,0.000,0,0
288,210617_2_MMImages_Pos5.ome-1_mitosis.tif:287,0.000,0.000,0,0
289,210617_2_MMImages_Pos5.ome-1_mitosis.tif:288,0.000,0.000,0,0
290,210617_2_MMImages_Pos5.ome-1_mitosis.tif:289,0.000,0.000,0,0
291,210617_2_MMImages_Pos5.ome-1_mitosis.tif:290,0.000,0.000,0,0
292,210617_2_MMImages_Pos5.ome-1_mitosis.tif:291,0.000,0.000,0,0
293,210617_2_MMImages_Pos5.ome-1_mitosis.tif:292,0.000,0.000,0,0
294,210617_2_MMImages_Pos5.ome-1_mitosis.tif:293,0.000,0.000,0,0
295,210617_2_MMImages_Pos5.ome-1_mitosis.tif:294,16.667,16.222,8,14
296,210617_2_MMImages_Pos5.ome-1_mitosis.tif:295,16.667,18.444,9,14
297,210617_2_MMImages_Pos5.ome-1_mitosis.tif:296,0.000,0.000,0,0
298,210617_2_MMImages_Pos5.ome-1_mitosis.tif:297,11.111,19.111,11,14
299,210617_2_MMImages_Pos5.ome-1_mitosis.tif:298,11.111,19.333,12,14
300,210617_2_MMImages_Pos5.ome-1_mitosis.tif:299,20.000,13.111,13,14
301,210617_2_MMImages_Pos5.ome-1_mitosis.tif:300,0.000,0.000,0,0
302,210617_2_MMImages_Pos5.ome-1_mitosis.tif:301,0.000,0.000,0,0
303,210617_2_MMImages_Pos5.ome-1_mitosis.tif:302,0.000,0.000,0,0
304,210617_2_MMImages_Pos5.ome-1_mitosis.tif:303,0.000,0.000,0,0
305,210617_2_MMImages_Pos5.ome-1_mitosis.tif:304,0.000,0.000,0,0
306,210617_2_MMImages_Pos5.ome-1_mitosis.tif:305,0.000,0.000,0,0
307,210617_2_MMImages_Pos5.ome-1_mitosis.tif:306,0.000,0.000,0,0
308,210617_2_MMImages_Pos5.ome-1_mitosis.tif:307,0.000,0.000,0,0
309,210617_2_MMImages_Pos5.ome-1_mitosis.tif:308,0.000,0.000,0,0
310,210617_2_MMImages_Pos5.ome-1_mitosis.tif:309,0.000,0.000,0,0
311,210617_2_MMImages_Pos5.ome-1_mitosis.tif:310,0.000,0.000,0,0
312,210617_2_MMImages_Pos5.ome-1_mitosis.tif:311,0.000,0.000,0,0
313,210617_2_MMImages_Pos5.ome-1_mitosis.tif:312,0.000,0.000,0,0
314,210617_2_MMImages_Pos5.ome-1_mitosis.tif:313,0.000,0.000,0,0
315,210617_2_MMImages_Pos5.ome-1_mitosis.tif:314,0.000,0.000,0,0
316,210617_2_MMImages_Pos5.ome-1_mitosis.tif:315,17.778,15.778,7,15
317,210617_2_MMImages_Pos5.ome-1_mitosis.tif:316,16.222,17.556,8,15
318,210617_2_MMImages_Pos5.ome-1_mitosis.tif:316,17.778,16.000,8,15
319,210617_2_MMImages_Pos5.ome-1_mitosis.tif:317,0.000,0.000,0,0
320,210617_2_MMImages_Pos5.ome-1_mitosis.tif:318,11.111,19.333,10,15
321,210617_2_MMImages_Pos5.ome-1_mitosis.tif:319,22.000,11.778,11,15
322,210617_2_MMImages_Pos5.ome-1_mitosis.tif:319,11.111,19.333,11,15
323,210617_2_MMImages_Pos5.ome-1_mitosis.tif:320,22.000,12.000,12,15
324,210617_2_MMImages_Pos5.ome-1_mitosis.tif:321,0.000,0.000,0,0
325,210617_2_MMImages_Pos5.ome-1_mitosis.tif:322,0.000,0.000,0,0
326,210617_2_MMImages_Pos5.ome-1_mitosis.tif:323,0.000,0.000,0,0
327,210617_2_MMImages_Pos5.ome-1_mitosis.tif:324,0.000,0.000,0,0
328,210617_2_MMImages_Pos5.ome-1_mitosis.tif:325,0.000,0.000,0,0
329,210617_2_MMImages_Pos5.ome-1_mitosis.tif:326,0.000,0.000,0,0
330,210617_2_MMImages_Pos5.ome-1_mitosis.tif:327,0.000,0.000,0,0
331,210617_2_MMImages_Pos5.ome-1_mitosis.tif:328,0.000,0.000,0,0
332,210617_2_MMImages_Pos5.ome-1_mitosis.tif:329,0.000,0.000,0,0
333,210617_2_MMImages_Pos5.ome-1_mitosis.tif:330,0.000,0.000,0,0
334,210617_2_MMImages_Pos5.ome-1_mitosis.tif:331,0.000,0.000,0,0
335,210617_2_MMImages_Pos5.ome-1_mitosis.tif:332,0.000,0.000,0,0
336,210617_2_MMImages_Pos5.ome-1_mitosis.tif:333,0.000,0.000,0,0
337,210617_2_MMImages_Pos5.ome-1_mitosis.tif:334,0.000,0.000,0,0
338,210617_2_MMImages_Pos5.ome-1_mitosis.tif:335,0.000,0.000,0,0
339,210617_2_MMImages_Pos5.ome-1_mitosis.tif:336,0.000,0.000,0,0
340,210617_2_MMImages_Pos5.ome-1_mitosis.tif:337,16.222,17.556,7,16
341,210617_2_MMImages_Pos5.ome-1_mitosis.tif:338,16.222,17.556,8,16
342,210617_2_MMImages_Pos5.ome-1_mitosis.tif:339,19.111,14.444,9,16
343,210617_2_MMImages_Pos5.ome-1_mitosis.tif:339,16.667,17.556,9,16
344,210617_2_MMImages_Pos5.ome-1_mitosis.tif:340,0.000,0.000,0,0
345,210617_2_MMImages_Pos5.ome-1_mitosis.tif:341,11.778,18.889,11,16
346,210617_2_MMImages_Pos5.ome-1_mitosis.tif:342,11.778,18.889,12,16
347,210617_2_MMImages_Pos5.ome-1_mitosis.tif:343,22.000,11.333,13,16
348,210617_2_MMImages_Pos5.ome-1_mitosis.tif:344,22.000,11.111,14,16
349,210617_2_MMImages_Pos5.ome-1_mitosis.tif:345,0.000,0.000,0,0
350,210617_2_MMImages_Pos5.ome-1_mitosis.tif:346,0.000,0.000,0,0
351,210617_2_MMImages_Pos5.ome-1_mitosis.tif:347,0.000,0.000,0,0
352,210617_2_MMImages_Pos5.ome-1_mitosis.tif:348,0.000,0.000,0,0
353,210617_2_MMImages_Pos5.ome-1_mitosis.tif:349,0.000,0.000,0,0
354,210617_2_MMImages_Pos5.ome-1_mitosis.tif:350,0.000,0.000,0,0
355,210617_2_MMImages_Pos5.ome-1_mitosis.tif:351,0.000,0.000,0,0
356,210617_2_MMImages_Pos5.ome-1_mitosis.tif:352,0.000,0.000,0,0
357,210617_2_MMImages_Pos5.ome-1_mitosis.tif:353,0.000,0.000,0,0
358,210617_2_MMImages_Pos5.ome-1_mitosis.tif:354,0.000,0.000,0,0
359,210617_2_MMImages_Pos5.ome-1_mitosis.tif:355,0.000,0.000,0,0
360,210617_2_MMImages_Pos5.ome-1_mitosis.tif:356,0.000,0.000,0,0
361,210617_2_MMImages_Pos5.ome-1_mitosis.tif:357,16.000,17.556,5,17
362,210617_2_MMImages_Pos5.ome-1_mitosis.tif:358,16.222,17.556,6,17
363,210617_2_MMImages_Pos5.ome-1_mitosis.tif:359,20.000,15.333,7,17
364,210617_2_MMImages_Pos5.ome-1_mitosis.tif:360,20.000,15.556,8,17
365,210617_2_MMImages_Pos5.ome-1_mitosis.tif:361,0.000,0.000,0,0
366,210617_2_MMImages_Pos5.ome-1_mitosis.tif:362,0.000,0.000,0,0
367,210617_2_MMImages_Pos5.ome-1_mitosis.tif:363,0.000,0.000,0,0
368,210617_2_MMImages_Pos5.ome-1_mitosis.tif:364,0.000,0.000,0,0
369,210617_2_MMImages_Pos5.ome-1_mitosis.tif:365,8.889,19.556,13,17
370,210617_2_MMImages_Pos5.ome-1_mitosis.tif:366,18.222,12.222,14,17
371,210617_2_MMImages_Pos5.ome-1_mitosis.tif:367,0.000,0.000,0,0
372,210617_2_MMImages_Pos5.ome-1_mitosis.tif:368,0.000,0.000,0,0
373,210617_2_MMImages_Pos5.ome-1_mitosis.tif:369,0.000,0.000,0,0
374,210617_2_MMImages_Pos5.ome-1_mitosis.tif:370,0.000,0.000,0,0
375,210617_2_MMImages_Pos5.ome-1_mitosis.tif:371,0.000,0.000,0,0
376,210617_2_MMImages_Pos5.ome-1_mitosis.tif:372,0.000,0.000,0,0
377,210617_2_MMImages_Pos5.ome-1_mitosis.tif:373,0.000,0.000,0,0
378,210617_2_MMImages_Pos5.ome-1_mitosis.tif:374,0.000,0.000,0,0
379,210617_2_MMImages_Pos5.ome-1_mitosis.tif:375,0.000,0.000,0,0
380,210617_2_MMImages_Pos5.ome-1_mitosis.tif:376,0.000,0.000,0,0
381,210617_2_MMImages_Pos5.ome-1_mitosis.tif:377,0.000,0.000,0,0
382,210617_2_MMImages_Pos5.ome-1_mitosis.tif:378,20.889,13.778,4,18
383,210617_2_MMImages_Pos5.ome-1_mitosis.tif:379,20.889,13.778,5,18
384,210617_2_MMImages_Pos5.ome-1_mitosis.tif:380,14.000,18.000,6,18
385,210617_2_MMImages_Pos5.ome-1_mitosis.tif:380,21.111,13.778,6,18
386,210617_2_MMImages_Pos5.ome-1_mitosis.tif:381,0.000,0.000,0,0
387,210617_2_MMImages_Pos5.ome-1_mitosis.tif:382,0.000,0.000,0,0
388,210617_2_MMImages_Pos5.ome-1_mitosis.tif:383,0.000,0.000,0,0
389,210617_2_MMImages_Pos5.ome-1_mitosis.tif:384,0.000,0.000,0,0
390,210617_2_MMImages_Pos5.ome-1_mitosis.tif:385,0.000,0.000,0,0
391,210617_2_MMImages_Pos5.ome-1_mitosis.tif:386,0.000,0.000,0,0
392,210617_2_MMImages_Pos5.ome-1_mitosis.tif:387,12.000,17.778,13,18
393,210617_2_MMImages_Pos5.ome-1_mitosis.tif:388,12.000,17.556,14,18
394,210617_2_MMImages_Pos5.ome-1_mitosis.tif:388,18.222,11.778,14,18
395,210617_2_MMImages_Pos5.ome-1_mitosis.tif:389,18.444,11.778,15,18
396,210617_2_MMImages_Pos5.ome-1_mitosis.tif:390,0.000,0.000,0,0
397,210617_2_MMImages_Pos5.ome-1_mitosis.tif:391,0.000,0.000,0,0
398,210617_2_MMImages_Pos5.ome-1_mitosis.tif:392,0.000,0.000,0,0
399,210617_2_MMImages_Pos5.ome-1_mitosis.tif:393,0.000,0.000,0,0
400,210617_2_MMImages_Pos5.ome-1_mitosis.tif:394,0.000,0.000,0,0
401,210617_2_MMImages_Pos5.ome-1_mitosis.tif:395,0.000,0.000,0,0
402,210617_2_MMImages_Pos5.ome-1_mitosis.tif:396,0.000,0.000,0,0
403,210617_2_MMImages_Pos5.ome-1_mitosis.tif:397,0.000,0.000,0,0
404,210617_2_MMImages_Pos5.ome-1_mitosis.tif:398,0.000,0.000,0,0
405,210617_2_MMImages_Pos5.ome-1_mitosis.tif:399,0.000,0.000,0,0
406,210617_2_MMImages_Pos5.ome-1_mitosis.tif:400,0.000,0.000,0,0
407,210617_2_MMImages_Pos5.ome-1_mitosis.tif:401,18.667,12.000,5,19
408,210617_2_MMImages_Pos5.ome-1_mitosis.tif:402,18.667,12.000,6,19
409,210617_2_MMImages_Pos5.ome-1_mitosis.tif:403,18.889,12.444,7,19
410,210617_2_MMImages_Pos5.ome-1_mitosis.tif:404,0.000,0.000,0,0
411,210617_2_MMImages_Pos5.ome-1_mitosis.tif:405,13.556,18.000,9,19
412,210617_2_MMImages_Pos5.ome-1_mitosis.tif:406,13.778,17.778,10,19
413,210617_2_MMImages_Pos5.ome-1_mitosis.tif:407,13.778,18.000,11,19
414,210617_2_MMImages_Pos5.ome-1_mitosis.tif:408,14.889,9.333,12,19
415,210617_2_MMImages_Pos5.ome-1_mitosis.tif:409,14.889,9.556,13,19
416,210617_2_MMImages_Pos5.ome-1_mitosis.tif:410,15.333,9.556,14,19
417,210617_2_MMImages_Pos5.ome-1_mitosis.tif:411,0.000,0.000,0,0
418,210617_2_MMImages_Pos5.ome-1_mitosis.tif:412,12.222,13.556,16,19
419,210617_2_MMImages_Pos5.ome-1_mitosis.tif:413,12.222,13.778,17,19
420,210617_2_MMImages_Pos5.ome-1_mitosis.tif:414,0.000,0.000,0,0
421,210617_2_MMImages_Pos5.ome-1_mitosis.tif:415,0.000,0.000,0,0
422,210617_2_MMImages_Pos5.ome-1_mitosis.tif:416,0.000,0.000,0,0
423,210617_2_MMImages_Pos5.ome-1_mitosis.tif:417,0.000,0.000,0,0
424,210617_2_MMImages_Pos5.ome-1_mitosis.tif:418,0.000,0.000,0,0
425,210617_2_MMImages_Pos5.ome-1_mitosis.tif:419,0.000,0.000,0,0
426,210617_2_MMImages_Pos5.ome-1_mitosis.tif:420,0.000,0.000,0,0
427,210617_2_MMImages_Pos5.ome-1_mitosis.tif:421,0.000,0.000,0,0
428,210617_2_MMImages_Pos5.ome-1_mitosis.tif:422,0.000,0.000,0,0
429,210617_2_MMImages_Pos5.ome-1_mitosis.tif:423,0.000,0.000,0,0
430,210617_2_MMImages_Pos5.ome-1_mitosis.tif:424,0.000,0.000,0,0
431,210617_2_MMImages_Pos5.ome-1_mitosis.tif:425,16.222,13.333,7,20
432,210617_2_MMImages_Pos5.ome-1_mitosis.tif:426,15.778,12.889,8,20
433,210617_2_MMImages_Pos5.ome-1_mitosis.tif:427,15.333,20.444,9,20
434,210617_2_MMImages_Pos5.ome-1_mitosis.tif:428,15.333,20.667,10,20
435,210617_2_MMImages_Pos5.ome-1_mitosis.tif:429,15.556,20.667,11,20
436,210617_2_MMImages_Pos5.ome-1_mitosis.tif:430,0.000,0.000,0,0
437,210617_2_MMImages_Pos5.ome-1_mitosis.tif:431,0.000,0.000,0,0
438,210617_2_MMImages_Pos5.ome-1_mitosis.tif:432,0.000,0.000,0,0
439,210617_2_MMImages_Pos5.ome-1_mitosis.tif:433,0.000,0.000,0,0
440,210617_2_MMImages_Pos5.ome-1_mitosis.tif:434,14.222,14.000,16,20
441,210617_2_MMImages_Pos5.ome-1_mitosis.tif:434,15.111,19.333,16,20
442,210617_2_MMImages_Pos5.ome-1_mitosis.tif:435,14.889,19.333,17,20
443,210617_2_MMImages_Pos5.ome-1_mitosis.tif:436,15.111,19.333,18,20
444,210617_2_MMImages_Pos5.ome-1_mitosis.tif:437,0.000,0.000,0,0
445,210617_2_MMImages_Pos5.ome-1_mitosis.tif:438,0.000,0.000,0,0
446,210617_2_MMImages_Pos5.ome-1_mitosis.tif:439,0.000,0.000,0,0
447,210617_2_MMImages_Pos5.ome-1_mitosis.tif:440,0.000,0.000,0,0
448,210617_2_MMImages_Pos5.ome-1_mitosis.tif:441,0.000,0.000,0,0
449,210617_2_MMImages_Pos5.ome-1_mitosis.tif:442,0.000,0.000,0,0
450,210617_2_MMImages_Pos5.ome-1_mitosis.tif:443,0.000,0.000,0,0
451,210617_2_MMImages_Pos5.ome-1_mitosis.tif:444,0.000,0.000,0,0
452,210617_2_MMImages_Pos5.ome-1_mitosis.tif:445,0.000,0.000,0,0
453,210617_2_MMImages_Pos5.ome-1_mitosis.tif:446,16.667,14.000,6,21
454,210617_2_MMImages_Pos5.ome-1_mitosis.tif:447,16.667,14.000,7,21
455,210617_2_MMImages_Pos5.ome-1_mitosis.tif:448,16.889,14.000,8,21
456,210617_2_MMImages_Pos5.ome-1_mitosis.tif:449,0.000,0.000,0,0
457,210617_2_MMImages_Pos5.ome-1_mitosis.tif:450,16.889,20.444,10,21
458,210617_2_MMImages_Pos5.ome-1_mitosis.tif:451,16.889,20.444,11,21
459,210617_2_MMImages_Pos5.ome-1_mitosis.tif:452,0.000,0.000,0,0
460,210617_2_MMImages_Pos5.ome-1_mitosis.tif:453,0.000,0.000,0,0
461,210617_2_MMImages_Pos5.ome-1_mitosis.tif:454,0.000,0.000,0,0
462,210617_2_MMImages_Pos5.ome-1_mitosis.tif:455,14.667,13.111,15,21
463,210617_2_MMImages_Pos5.ome-1_mitosis.tif:456,14.889,12.889,16,21
464,210617_2_MMImages_Pos5.ome-1_mitosis.tif:457,17.556,18.667,17,21
465,210617_2_MMImages_Pos5.ome-1_mitosis.tif:458,17.778,18.667,18,21
466,210617_2_MMImages_Pos5.ome-1_mitosis.tif:459,17.778,18.889,19,21
467,210617_2_MMImages_Pos5.ome-1_mitosis.tif:460,0.000,0.000,0,0
468,210617_2_MMImages_Pos5.ome-1_mitosis.tif:461,0.000,0.000,0,0
469,210617_2_MMImages_Pos5.ome-1_mitosis.tif:462,0.000,0.000,0,0
470,210617_2_MMImages_Pos5.ome-1_mitosis.tif:463,0.000,0.000,0,0
471,210617_2_MMImages_Pos5.ome-1_mitosis.tif:464,0.000,0.000,0,0
472,210617_2_MMImages_Pos5.ome-1_mitosis.tif:465,0.000,0.000,0,0
473,210617_2_MMImages_Pos5.ome-1_mitosis.tif:466,0.000,0.000,0,0
474,210617_2_MMImages_Pos5.ome-1_mitosis.tif:467,0.000,0.000,0,0
475,210617_2_MMImages_Pos5.ome-1_mitosis.tif:468,15.778,13.778,6,22
476,210617_2_MMImages_Pos5.ome-1_mitosis.tif:469,16.000,13.556,7,22
477,210617_2_MMImages_Pos5.ome-1_mitosis.tif:470,0.000,0.000,0,0
478,210617_2_MMImages_Pos5.ome-1_mitosis.tif:471,0.000,0.000,0,0
479,210617_2_MMImages_Pos5.ome-1_mitosis.tif:472,0.000,0.000,0,0
480,210617_2_MMImages_Pos5.ome-1_mitosis.tif:473,16.889,20.222,11,22
481,210617_2_MMImages_Pos5.ome-1_mitosis.tif:474,17.111,20.000,12,22
482,210617_2_MMImages_Pos5.ome-1_mitosis.tif:475,0.000,0.000,0,0
483,210617_2_MMImages_Pos5.ome-1_mitosis.tif:476,0.000,0.000,0,0
484,210617_2_MMImages_Pos5.ome-1_mitosis.tif:477,0.000,0.000,0,0
485,210617_2_MMImages_Pos5.ome-1_mitosis.tif:478,14.000,11.111,16,22
486,210617_2_MMImages_Pos5.ome-1_mitosis.tif:479,0.000,0.000,0,0
487,210617_2_MMImages_Pos5.ome-1_mitosis.tif:480,0.000,0.000,0,0
488,210617_2_MMImages_Pos5.ome-1_mitosis.tif:481,17.778,20.000,19,22
489,210617_2_MMImages_Pos5.ome-1_mitosis.tif:482,0.000,0.000,0,0
490,210617_2_MMImages_Pos5.ome-1_mitosis.tif:483,0.000,0.000,0,0
491,210617_2_MMImages_Pos5.ome-1_mitosis.tif:484,0.000,0.000,0,0
492,210617_2_MMImages_Pos5.ome-1_mitosis.tif:485,0.000,0.000,0,0
493,210617_2_MMImages_Pos5.ome-1_mitosis.tif:486,0.000,0.000,0,0
494,210617_2_MMImages_Pos5.ome-1_mitosis.tif:487,0.000,0.000,0,0
495,210617_2_MMImages_Pos5.ome-1_mitosis.tif:488,0.000,0.000,0,0
496,210617_2_MMImages_Pos5.ome-1_mitosis.tif:489,0.000,0.000,0,0
497,210617_2_MMImages_Pos5.ome-1_mitosis.tif:490,0.000,0.000,0,0
498,210617_2_MMImages_Pos5.ome-1_mitosis.tif:491,13.556,10.444,7,23
499,210617_2_MMImages_Pos5.ome-1_mitosis.tif:492,13.556,10.444,8,23
500,210617_2_MMImages_Pos5.ome-1_mitosis.tif:493,0.000,0.000,0,0
501,210617_2_MMImages_Pos5.ome-1_mitosis.tif:494,17.778,20.667,10,23
502,210617_2_MMImages_Pos5.ome-1_mitosis.tif:495,18.000,20.889,11,23
503,210617_2_MMImages_Pos5.ome-1_mitosis.tif:496,0.000,0.000,0,0
504,210617_2_MMImages_Pos5.ome-1_mitosis.tif:497,0.000,0.000,0,0
505,210617_2_MMImages_Pos5.ome-1_mitosis.tif:498,0.000,0.000,0,0
506,210617_2_MMImages_Pos5.ome-1_mitosis.tif:499,0.000,0.000,0,0
507,210617_2_MMImages_Pos5.ome-1_mitosis.tif:500,13.333,10.667,16,23
508,210617_2_MMImages_Pos5.ome-1_mitosis.tif:500,20.222,20.444,16,23
509,210617_2_MMImages_Pos5.ome-1_mitosis.tif:501,13.556,10.667,17,23
510,210617_2_MMImages_Pos5.ome-1_mitosis.tif:502,0.000,0.000,0,0
511,210617_2_MMImages_Pos5.ome-1_mitosis.tif:503,0.000,0.000,0,0
512,210617_2_MMImages_Pos5.ome-1_mitosis.tif:504,0.000,0.000,0,0
513,210617_2_MMImages_Pos5.ome-1_mitosis.tif:505,0.000,0.000,0,0
514,210617_2_MMImages_Pos5.ome-1_mitosis.tif:506,0.000,0.000,0,0
515,210617_2_MMImages_Pos5.ome-1_mitosis.tif:507,0.000,0.000,0,0
516,210617_2_MMImages_Pos5.ome-1_mitosis.tif:508,0.000,0.000,0,0
517,210617_2_MMImages_Pos5.ome-1_mitosis.tif:509,0.000,0.000,0,0
518,210617_2_MMImages_Pos5.ome-1_mitosis.tif:510,0.000,0.000,0,0
519,210617_2_MMImages_Pos5.ome-1_mitosis.tif:511,0.000,0.000,0,0
520,210617_2_MMImages_Pos5.ome-1_mitosis.tif:512,0.000,0.000,0,0
521,210617_2_MMImages_Pos5.ome-1_mitosis.tif:513,0.000,0.000,0,0
522,210617_2_MMImages_Pos5.ome-1_mitosis.tif:514,13.556,10.444,8,24
523,210617_2_MMImages_Pos5.ome-1_mitosis.tif:515,0.000,0.000,0,0
524,210617_2_MMImages_Pos5.ome-1_mitosis.tif:516,17.778,21.111,10,24
525,210617_2_MMImages_Pos5.ome-1_mitosis.tif:517,17.778,21.111,11,24
526,210617_2_MMImages_Pos5.ome-1_mitosis.tif:518,0.000,0.000,0,0
527,210617_2_MMImages_Pos5.ome-1_mitosis.tif:519,0.000,0.000,0,0
528,210617_2_MMImages_Pos5.ome-1_mitosis.tif:520,0.000,0.000,0,0
529,210617_2_MMImages_Pos5.ome-1_mitosis.tif:521,20.000,19.778,15,24
530,210617_2_MMImages_Pos5.ome-1_mitosis.tif:522,20.222,19.778,16,24
531,210617_2_MMImages_Pos5.ome-1_mitosis.tif:523,12.000,11.111,17,24
532,210617_2_MMImages_Pos5.ome-1_mitosis.tif:524,0.000,0.000,0,0
533,210617_2_MMImages_Pos5.ome-1_mitosis.tif:525,0.000,0.000,0,0
534,210617_2_MMImages_Pos5.ome-1_mitosis.tif:526,0.000,0.000,0,0
535,210617_2_MMImages_Pos5.ome-1_mitosis.tif:527,0.000,0.000,0,0
536,210617_2_MMImages_Pos5.ome-1_mitosis.tif:528,0.000,0.000,0,0
537,210617_2_MMImages_Pos5.ome-1_mitosis.tif:529,0.000,0.000,0,0
538,210617_2_MMImages_Pos5.ome-1_mitosis.tif:530,0.000,0.000,0,0
539,210617_2_MMImages_Pos5.ome-1_mitosis.tif:531,0.000,0.000,0,0
540,210617_2_MMImages_Pos5.ome-1_mitosis.tif:532,0.000,0.000,0,0
541,210617_2_MMImages_Pos5.ome-1_mitosis.tif:533,0.000,0.000,0,0
542,210617_2_MMImages_Pos5.ome-1_mitosis.tif:534,0.000,0.000,0,0
543,210617_2_MMImages_Pos5.ome-1_mitosis.tif:535,0.000,0.000,0,0
544,210617_2_MMImages_Pos5.ome-1_mitosis.tif:536,13.556,10.667,8,25
545,210617_2_MMImages_Pos5.ome-1_mitosis.tif:537,13.333,10.667,9,25
546,210617_2_MMImages_Pos5.ome-1_mitosis.tif:538,18.889,21.111,10,25
547,210617_2_MMImages_Pos5.ome-1_mitosis.tif:539,0.000,0.000,0,0
548,210617_2_MMImages_Pos5.ome-1_mitosis.tif:540,0.000,0.000,0,0
549,210617_2_MMImages_Pos5.ome-1_mitosis.tif:541,0.000,0.000,0,0
550,210617_2_MMImages_Pos5.ome-1_mitosis.tif:542,0.000,0.000,0,0
551,210617_2_MMImages_Pos5.ome-1_mitosis.tif:543,20.889,19.111,15,25
552,210617_2_MMImages_Pos5.ome-1_mitosis.tif:544,0.000,0.000,0,0
553,210617_2_MMImages_Pos5.ome-1_mitosis.tif:545,0.000,0.000,0,0
554,210617_2_MMImages_Pos5.ome-1_mitosis.tif:546,12.222,11.778,18,25
555,210617_2_MMImages_Pos5.ome-1_mitosis.tif:547,12.444,12.000,19,25
556,210617_2_MMImages_Pos5.ome-1_mitosis.tif:548,12.222,12.000,20,25
557,210617_2_MMImages_Pos5.ome-1_mitosis.tif:549,0.000,0.000,0,0
558,210617_2_MMImages_Pos5.ome-1_mitosis.tif:550,0.000,0.000,0,0
559,210617_2_MMImages_Pos5.ome-1_mitosis.tif:551,0.000,0.000,0,0
560,210617_2_MMImages_Pos5.ome-1_mitosis.tif:552,0.000,0.000,0,0
561,210617_2_MMImages_Pos5.ome-1_mitosis.tif:553,0.000,0.000,0,0
562,210617_2_MMImages_Pos5.ome-1_mitosis.tif:554,0.000,0.000,0,0
563,210617_2_MMImages_Pos5.ome-1_mitosis.tif:555,0.000,0.000,0,0
564,210617_2_MMImages_Pos5.ome-1_mitosis.tif:556,0.000,0.000,0,0
565,210617_2_MMImages_Pos5.ome-1_mitosis.tif:557,0.000,0.000,0,0
566,210617_2_MMImages_Pos5.ome-1_mitosis.tif:558,19.556,20.889,8,26
567,210617_2_MMImages_Pos5.ome-1_mitosis.tif:559,13.333,10.889,9,26
568,210617_2_MMImages_Pos5.ome-1_mitosis.tif:559,19.778,20.889,9,26
569,210617_2_MMImages_Pos5.ome-1_mitosis.tif:560,19.556,21.333,10,26
570,210617_2_MMImages_Pos5.ome-1_mitosis.tif:561,0.000,0.000,0,0
571,210617_2_MMImages_Pos5.ome-1_mitosis.tif:562,0.000,0.000,0,0
572,210617_2_MMImages_Pos5.ome-1_mitosis.tif:563,0.000,0.000,0,0
573,210617_2_MMImages_Pos5.ome-1_mitosis.tif:564,22.222,18.000,14,26
574,210617_2_MMImages_Pos5.ome-1_mitosis.tif:565,0.000,0.000,0,0
575,210617_2_MMImages_Pos5.ome-1_mitosis.tif:566,0.000,0.000,0,0
576,210617_2_MMImages_Pos5.ome-1_mitosis.tif:567,0.000,0.000,0,0
577,210617_2_MMImages_Pos5.ome-1_mitosis.tif:568,0.000,0.000,0,0
578,210617_2_MMImages_Pos5.ome-1_mitosis.tif:569,12.889,13.556,19,26
579,210617_2_MMImages_Pos5.ome-1_mitosis.tif:570,12.667,13.333,20,26
580,210617_2_MMImages_Pos5.ome-1_mitosis.tif:571,0.000,0.000,0,0
581,210617_2_MMImages_Pos5.ome-1_mitosis.tif:572,0.000,0.000,0,0
582,210617_2_MMImages_Pos5.ome-1_mitosis.tif:573,0.000,0.000,0,0
583,210617_2_MMImages_Pos5.ome-1_mitosis.tif:574,0.000,0.000,0,0
584,210617_2_MMImages_Pos5.ome-1_mitosis.tif:575,0.000,0.000,0,0
585,210617_2_MMImages_Pos5.ome-1_mitosis.tif:576,0.000,0.000,0,0
586,210617_2_MMImages_Pos5.ome-1_mitosis.tif:577,0.000,0.000,0,0
587,210617_2_MMImages_Pos5.ome-1_mitosis.tif:578,0.000,0.000,0,0
588,210617_2_MMImages_Pos5.ome-1_mitosis.tif:579,0.000,0.000,0,0
589,210617_2_MMImages_Pos5.ome-1_mitosis.tif:580,20.000,21.556,8,27
590,210617_2_MMImages_Pos5.ome-1_mitosis.tif:581,20.000,21.333,9,27
591,210617_2_MMImages_Pos5.ome-1_mitosis.tif:581,14.222,10.667,9,27
592,210617_2_MMImages_Pos5.ome-1_mitosis.tif:582,0.000,0.000,0,0
593,210617_2_MMImages_Pos5.ome-1_mitosis.tif:583,0.000,0.000,0,0
594,210617_2_MMImages_Pos5.ome-1_mitosis.tif:584,0.000,0.000,0,0
595,210617_2_MMImages_Pos5.ome-1_mitosis.tif:585,22.444,18.889,13,27
596,210617_2_MMImages_Pos5.ome-1_mitosis.tif:586,22.444,18.667,14,27
597,210617_2_MMImages_Pos5.ome-1_mitosis.tif:587,0.000,0.000,0,0
598,210617_2_MMImages_Pos5.ome-1_mitosis.tif:588,0.000,0.000,0,0
599,210617_2_MMImages_Pos5.ome-1_mitosis.tif:589,0.000,0.000,0,0
600,210617_2_MMImages_Pos5.ome-1_mitosis.tif:590,0.000,0.000,0,0
601,210617_2_MMImages_Pos5.ome-1_mitosis.tif:591,12.444,14.222,19,27
602,210617_2_MMImages_Pos5.ome-1_mitosis.tif:592,12.444,14.222,20,27
603,210617_2_MMImages_Pos5.ome-1_mitosis.tif:593,0.000,0.000,0,0
604,210617_2_MMImages_Pos5.ome-1_mitosis.tif:594,0.000,0.000,0,0
605,210617_2_MMImages_Pos5.ome-1_mitosis.tif:595,0.000,0.000,0,0
606,210617_2_MMImages_Pos5.ome-1_mitosis.tif:596,0.000,0.000,0,0
607,210617_2_MMImages_Pos5.ome-1_mitosis.tif:597,0.000,0.000,0,0
608,210617_2_MMImages_Pos5.ome-1_mitosis.tif:598,0.000,0.000,0,0
609,210617_2_MMImages_Pos5.ome-1_mitosis.tif:599,0.000,0.000,0,0
610,210617_2_MMImages_Pos5.ome-1_mitosis.tif:600,0.000,0.000,0,0
611,210617_2_MMImages_Pos5.ome-1_mitosis.tif:601,0.000,0.000,0,0
612,210617_2_MMImages_Pos5.ome-1_mitosis.tif:602,19.556,20.889,8,28
613,210617_2_MMImages_Pos5.ome-1_mitosis.tif:602,14.000,10.889,8,28
614,210617_2_MMImages_Pos5.ome-1_mitosis.tif:603,19.778,20.889,9,28
615,210617_2_MMImages_Pos5.ome-1_mitosis.tif:603,14.222,10.889,9,28
616,210617_2_MMImages_Pos5.ome-1_mitosis.tif:604,19.778,21.111,10,28
617,210617_2_MMImages_Pos5.ome-1_mitosis.tif:605,0.000,0.000,0,0
618,210617_2_MMImages_Pos5.ome-1_mitosis.tif:606,0.000,0.000,0,0
619,210617_2_MMImages_Pos5.ome-1_mitosis.tif:607,22.222,19.333,13,28
620,210617_2_MMImages_Pos5.ome-1_mitosis.tif:608,0.000,0.000,0,0
621,210617_2_MMImages_Pos5.ome-1_mitosis.tif:609,0.000,0.000,0,0
622,210617_2_MMImages_Pos5.ome-1_mitosis.tif:610,0.000,0.000,0,0
623,210617_2_MMImages_Pos5.ome-1_mitosis.tif:611,0.000,0.000,0,0
624,210617_2_MMImages_Pos5.ome-1_mitosis.tif:612,0.000,0.000,0,0
625,210617_2_MMImages_Pos5.ome-1_mitosis.tif:613,0.000,0.000,0,0
626,210617_2_MMImages_Pos5.ome-1_mitosis.tif:614,0.000,0.000,0,0
627,210617_2_MMImages_Pos5.ome-1_mitosis.tif:615,0.000,0.000,0,0
628,210617_2_MMImages_Pos5.ome-1_mitosis.tif:616,0.000,0.000,0,0
629,210617_2_MMImages_Pos5.ome-1_mitosis.tif:617,0.000,0.000,0,0
630,210617_2_MMImages_Pos5.ome-1_mitosis.tif:618,0.000,0.000,0,0
631,210617_2_MMImages_Pos5.ome-1_mitosis.tif:619,0.000,0.000,0,0
632,210617_2_MMImages_Pos5.ome-1_mitosis.tif:620,0.000,0.000,0,0
633,210617_2_MMImages_Pos5.ome-1_mitosis.tif:621,0.000,0.000,0,0
634,210617_2_MMImages_Pos5.ome-1_mitosis.tif:622,0.000,0.000,0,0
635,210617_2_MMImages_Pos5.ome-1_mitosis.tif:623,14.444,11.556,7,29
636,210617_2_MMImages_Pos5.ome-1_mitosis.tif:624,14.667,11.556,8,29
637,210617_2_MMImages_Pos5.ome-1_mitosis.tif:625,18.889,22.222,9,29
638,210617_2_MMImages_Pos5.ome-1_mitosis.tif:626,19.111,22.444,10,29
639,210617_2_MMImages_Pos5.ome-1_mitosis.tif:627,0.000,0.000,0,0
640,210617_2_MMImages_Pos5.ome-1_mitosis.tif:628,21.333,20.444,12,29
641,210617_2_MMImages_Pos5.ome-1_mitosis.tif:629,21.333,20.444,13,29
642,210617_2_MMImages_Pos5.ome-1_mitosis.tif:630,0.000,0.000,0,0
643,210617_2_MMImages_Pos5.ome-1_mitosis.tif:631,0.000,0.000,0,0
644,210617_2_MMImages_Pos5.ome-1_mitosis.tif:632,0.000,0.000,0,0
645,210617_2_MMImages_Pos5.ome-1_mitosis.tif:633,0.000,0.000,0,0
646,210617_2_MMImages_Pos5.ome-1_mitosis.tif:634,0.000,0.000,0,0
647,210617_2_MMImages_Pos5.ome-1_mitosis.tif:635,0.000,0.000,0,0
648,210617_2_MMImages_Pos5.ome-1_mitosis.tif:636,0.000,0.000,0,0
649,210617_2_MMImages_Pos5.ome-1_mitosis.tif:637,0.000,0.000,0,0
650,210617_2_MMImages_Pos5.ome-1_mitosis.tif:638,0.000,0.000,0,0
651,210617_2_MMImages_Pos5.ome-1_mitosis.tif:639,0.000,0.000,0,0
652,210617_2_MMImages_Pos5.ome-1_mitosis.tif:640,0.000,0.000,0,0
653,210617_2_MMImages_Pos5.ome-1_mitosis.tif:641,0.000,0.000,0,0
654,210617_2_MMImages_Pos5.ome-1_mitosis.tif:642,0.000,0.000,0,0
655,210617_2_MMImages_Pos5.ome-1_mitosis.tif:643,0.000,0.000,0,0
656,210617_2_MMImages_Pos5.ome-1_mitosis.tif:644,0.000,0.000,0,0
657,210617_2_MMImages_Pos5.ome-1_mitosis.tif:645,0.000,0.000,0,0
658,210617_2_MMImages_Pos5.ome-1_mitosis.tif:646,0.000,0.000,0,0
659,210617_2_MMImages_Pos5.ome-1_mitosis.tif:647,15.778,11.556,9,30
660,210617_2_MMImages_Pos5.ome-1_mitosis.tif:648,0.000,0.000,0,0
661,210617_2_MMImages_Pos5.ome-1_mitosis.tif:649,17.556,22.222,11,30
662,210617_2_MMImages_Pos5.ome-1_mitosis.tif:650,17.778,22.222,12,30
663,210617_2_MMImages_Pos5.ome-1_mitosis.tif:651,0.000,0.000,0,0
664,210617_2_MMImages_Pos5.ome-1_mitosis.tif:652,0.000,0.000,0,0
665,210617_2_MMImages_Pos5.ome-1_mitosis.tif:653,0.000,0.000,0,0
666,210617_2_MMImages_Pos5.ome-1_mitosis.tif:654,0.000,0.000,0,0
667,210617_2_MMImages_Pos5.ome-1_mitosis.tif:655,0.000,0.000,0,0
668,210617_2_MMImages_Pos5.ome-1_mitosis.tif:656,0.000,0.000,0,0
669,210617_2_MMImages_Pos5.ome-1_mitosis.tif:657,0.000,0.000,0,0
670,210617_2_MMImages_Pos5.ome-1_mitosis.tif:658,0.000,0.000,0,0
671,210617_2_MMImages_Pos5.ome-1_mitosis.tif:659,0.000,0.000,0,0
672,210617_2_MMImages_Pos5.ome-1_mitosis.tif:660,13.556,14.889,22,30
673,210617_2_MMImages_Pos5.ome-1_mitosis.tif:661,0.000,0.000,0,0
674,210617_2_MMImages_Pos5.ome-1_mitosis.tif:662,0.000,0.000,0,0
675,210617_2_MMImages_Pos5.ome-1_mitosis.tif:663,0.000,0.000,0,0
676,210617_2_MMImages_Pos5.ome-1_mitosis.tif:664,0.000,0.000,0,0
677,210617_2_MMImages_Pos5.ome-1_mitosis.tif:665,0.000,0.000,0,0
678,210617_2_MMImages_Pos5.ome-1_mitosis.tif:666,0.000,0.000,0,0
679,210617_2_MMImages_Pos5.ome-1_mitosis.tif:667,0.000,0.000,0,0
680,210617_2_MMImages_Pos5.ome-1_mitosis.tif:668,0.000,0.000,0,0
681,210617_2_MMImages_Pos5.ome-1_mitosis.tif:669,15.111,11.111,9,31
682,210617_2_MMImages_Pos5.ome-1_mitosis.tif:670,0.000,0.000,0,0
683,210617_2_MMImages_Pos5.ome-1_mitosis.tif:671,0.000,0.000,0,0
684,210617_2_MMImages_Pos5.ome-1_mitosis.tif:672,0.000,0.000,0,0
685,210617_2_MMImages_Pos5.ome-1_mitosis.tif:673,0.000,0.000,0,0
686,210617_2_MMImages_Pos5.ome-1_mitosis.tif:674,0.000,0.000,0,0
687,210617_2_MMImages_Pos5.ome-1_mitosis.tif:675,19.111,20.222,15,31
688,210617_2_MMImages_Pos5.ome-1_mitosis.tif:676,19.333,20.222,16,31
689,210617_2_MMImages_Pos5.ome-1_mitosis.tif:677,0.000,0.000,0,0
690,210617_2_MMImages_Pos5.ome-1_mitosis.tif:678,0.000,0.000,0,0
691,210617_2_MMImages_Pos5.ome-1_mitosis.tif:679,0.000,0.000,0,0
692,210617_2_MMImages_Pos5.ome-1_mitosis.tif:680,0.000,0.000,0,0
693,210617_2_MMImages_Pos5.ome-1_mitosis.tif:681,0.000,0.000,0,0
694,210617_2_MMImages_Pos5.ome-1_mitosis.tif:682,0.000,0.000,0,0
695,210617_2_MMImages_Pos5.ome-1_mitosis.tif:683,0.000,0.000,0,0
696,210617_2_MMImages_Pos5.ome-1_mitosis.tif:684,0.000,0.000,0,0
697,210617_2_MMImages_Pos5.ome-1_mitosis.tif:685,0.000,0.000,0,0
698,210617_2_MMImages_Pos5.ome-1_mitosis.tif:686,0.000,0.000,0,0
699,210617_2_MMImages_Pos5.ome-1_mitosis.tif:687,0.000,0.000,0,0
700,210617_2_MMImages_Pos5.ome-1_mitosis.tif:688,0.000,0.000,0,0
701,210617_2_MMImages_Pos5.ome-1_mitosis.tif:689,0.000,0.000,0,0
702,210617_2_MMImages_Pos5.ome-1_mitosis.tif:690,15.778,11.111,8,32
703,210617_2_MMImages_Pos5.ome-1_mitosis.tif:691,15.333,11.556,9,32
704,210617_2_MMImages_Pos5.ome-1_mitosis.tif:692,0.000,0.000,0,0
705,210617_2_MMImages_Pos5.ome-1_mitosis.tif:693,0.000,0.000,0,0
706,210617_2_MMImages_Pos5.ome-1_mitosis.tif:694,0.000,0.000,0,0
707,210617_2_MMImages_Pos5.ome-1_mitosis.tif:695,16.444,21.778,13,32
708,210617_2_MMImages_Pos5.ome-1_mitosis.tif:696,0.000,0.000,0,0
709,210617_2_MMImages_Pos5.ome-1_mitosis.tif:697,19.778,20.889,15,32
710,210617_2_MMImages_Pos5.ome-1_mitosis.tif:698,0.000,0.000,0,0
711,210617_2_MMImages_Pos5.ome-1_mitosis.tif:699,0.000,0.000,0,0
712,210617_2_MMImages_Pos5.ome-1_mitosis.tif:700,0.000,0.000,0,0
713,210617_2_MMImages_Pos5.ome-1_mitosis.tif:701,0.000,0.000,0,0
714,210617_2_MMImages_Pos5.ome-1_mitosis.tif:702,0.000,0.000,0,0
715,210617_2_MMImages_Pos5.ome-1_mitosis.tif:703,0.000,0.000,0,0
716,210617_2_MMImages_Pos5.ome-1_mitosis.tif:704,0.000,0.000,0,0
717,210617_2_MMImages_Pos5.ome-1_mitosis.tif:705,0.000,0.000,0,0
718,210617_2_MMImages_Pos5.ome-1_mitosis.tif:706,0.000,0.000,0,0
719,210617_2_MMImages_Pos5.ome-1_mitosis.tif:707,0.000,0.000,0,0
720,210617_2_MMImages_Pos5.ome-1_mitosis.tif:708,0.000,0.000,0,0
721,210617_2_MMImages_Pos5.ome-1_mitosis.tif:709,0.000,0.000,0,0
722,210617_2_MMImages_Pos5.ome-1_mitosis.tif:710,0.000,0.000,0,0
723,210617_2_MMImages_Pos5.ome-1_mitosis.tif:711,0.000,0.000,0,0
724,210617_2_MMImages_Pos5.ome-1_mitosis.tif:712,14.222,10.222,8,33
725,210617_2_MMImages_Pos5.ome-1_mitosis.tif:713,0.000,0.000,0,0
726,210617_2_MMImages_Pos5.ome-1_mitosis.tif:714,0.000,0.000,0,0
727,210617_2_MMImages_Pos5.ome-1_mitosis.tif:715,0.000,0.000,0,0
728,210617_2_MMImages_Pos5.ome-1_mitosis.tif:716,0.000,0.000,0,0
729,210617_2_MMImages_Pos5.ome-1_mitosis.tif:717,0.000,0.000,0,0
730,210617_2_MMImages_Pos5.ome-1_mitosis.tif:718,0.000,0.000,0,0
731,210617_2_MMImages_Pos5.ome-1_mitosis.tif:719,0.000,0.000,0,0
732,210617_2_MMImages_Pos5.ome-1_mitosis.tif:720,0.000,0.000,0,0
733,210617_2_MMImages_Pos5.ome-1_mitosis.tif:721,0.000,0.000,0,0
734,210617_2_MMImages_Pos5.ome-1_mitosis.tif:722,0.000,0.000,0,0
735,210617_2_MMImages_Pos5.ome-1_mitosis.tif:723,0.000,0.000,0,0
736,210617_2_MMImages_Pos5.ome-1_mitosis.tif:724,0.000,0.000,0,0
737,210617_2_MMImages_Pos5.ome-1_mitosis.tif:725,12.667,12.222,21,33
738,210617_2_MMImages_Pos5.ome-1_mitosis.tif:726,12.667,12.000,22,33
739,210617_2_MMImages_Pos5.ome-1_mitosis.tif:727,0.000,0.000,0,0
740,210617_2_MMImages_Pos5.ome-1_mitosis.tif:728,0.000,0.000,0,0
741,210617_2_MMImages_Pos5.ome-1_mitosis.tif:729,0.000,0.000,0,0
742,210617_2_MMImages_Pos5.ome-1_mitosis.tif:730,0.000,0.000,0,0
743,210617_2_MMImages_Pos5.ome-1_mitosis.tif:731,0.000,0.000,0,0
744,210617_2_MMImages_Pos5.ome-1_mitosis.tif:732,0.000,0.000,0,0
745,210617_2_MMImages_Pos5.ome-1_mitosis.tif:733,0.000,0.000,0,0
746,210617_2_MMImages_Pos5.ome-1_mitosis.tif:734,0.000,0.000,0,0
747,210617_2_MMImages_Pos5.ome-1_mitosis.tif:735,0.000,0.000,0,0
748,210617_2_MMImages_Pos5.ome-1_mitosis.tif:736,0.000,0.000,0,0
749,210617_2_MMImages_Pos5.ome-1_mitosis.tif:737,0.000,0.000,0,0
750,210617_2_MMImages_Pos5.ome-1_mitosis.tif:738,0.000,0.000,0,0
751,210617_2_MMImages_Pos5.ome-1_mitosis.tif:739,0.000,0.000,0,0
752,210617_2_MMImages_Pos5.ome-1_mitosis.tif:740,0.000,0.000,0,0
753,210617_2_MMImages_Pos5.ome-1_mitosis.tif:741,0.000,0.000,0,0
754,210617_2_MMImages_Pos5.ome-1_mitosis.tif:742,20.444,21.333,16,34
755,210617_2_MMImages_Pos5.ome-1_mitosis.tif:743,0.000,0.000,0,0
756,210617_2_MMImages_Pos5.ome-1_mitosis.tif:744,0.000,0.000,0,0
757,210617_2_MMImages_Pos5.ome-1_mitosis.tif:745,0.000,0.000,0,0
758,210617_2_MMImages_Pos5.ome-1_mitosis.tif:746,0.000,0.000,0,0
759,210617_2_MMImages_Pos5.ome-1_mitosis.tif:747,0.000,0.000,0,0
760,210617_2_MMImages_Pos5.ome-1_mitosis.tif:748,0.000,0.000,0,0
761,210617_2_MMImages_Pos5.ome-1_mitosis.tif:749,0.000,0.000,0,0
762,210617_2_MMImages_Pos5.ome-1_mitosis.tif:750,0.000,0.000,0,0
763,210617_2_MMImages_Pos5.ome-1_mitosis.tif:751,0.000,0.000,0,0
764,210617_2_MMImages_Pos5.ome-1_mitosis.tif:752,0.000,0.000,0,0
765,210617_2_MMImages_Pos5.ome-1_mitosis.tif:753,0.000,0.000,0,0
766,210617_2_MMImages_Pos5.ome-1_mitosis.tif:754,0.000,0.000,0,0
767,210617_2_MMImages_Pos5.ome-1_mitosis.tif:755,0.000,0.000,0,0
768,210617_2_MMImages_Pos5.ome-1_mitosis.tif:756,0.000,0.000,0,0
769,210617_2_MMImages_Pos5.ome-1_mitosis.tif:757,12.889,10.000,9,35
770,210617_2_MMImages_Pos5.ome-1_mitosis.tif:758,12.222,10.000,10,35
771,210617_2_MMImages_Pos5.ome-1_mitosis.tif:759,0.000,0.000,0,0
772,210617_2_MMImages_Pos5.ome-1_mitosis.tif:760,0.000,0.000,0,0
773,210617_2_MMImages_Pos5.ome-1_mitosis.tif:761,0.000,0.000,0,0
774,210617_2_MMImages_Pos5.ome-1_mitosis.tif:762,0.000,0.000,0,0
775,210617_2_MMImages_Pos5.ome-1_mitosis.tif:763,0.000,0.000,0,0
776,210617_2_MMImages_Pos5.ome-1_mitosis.tif:764,0.000,0.000,0,0
777,210617_2_MMImages_Pos5.ome-1_mitosis.tif:765,0.000,0.000,0,0
778,210617_2_MMImages_Pos5.ome-1_mitosis.tif:766,0.000,0.000,0,0
779,210617_2_MMImages_Pos5.ome-1_mitosis.tif:767,0.000,0.000,0,0
780,210617_2_MMImages_Pos5.ome-1_mitosis.tif:768,0.000,0.000,0,0
781,210617_2_MMImages_Pos5.ome-1_mitosis.tif:769,0.000,0.000,0,0
782,210617_2_MMImages_Pos5.ome-1_mitosis.tif:770,0.000,0.000,0,0
783,210617_2_MMImages_Pos5.ome-1_mitosis.tif:771,0.000,0.000,0,0
784,210617_2_MMImages_Pos5.ome-1_mitosis.tif:772,0.000,0.000,0,0
785,210617_2_MMImages_Pos5.ome-1_mitosis.tif:773,0.000,0.000,0,0
786,210617_2_MMImages_Pos5.ome-1_mitosis.tif:774,0.000,0.000,0,0
787,210617_2_MMImages_Pos5.ome-1_mitosis.tif:775,0.000,0.000,0,0
788,210617_2_MMImages_Pos5.ome-1_mitosis.tif:776,0.000,0.000,0,0
789,210617_2_MMImages_Pos5.ome-1_mitosis.tif:777,0.000,0.000,0,0
790,210617_2_MMImages_Pos5.ome-1_mitosis.tif:778,0.000,0.000,0,0
791,210617_2_MMImages_Pos5.ome-1_mitosis.tif:779,16.889,11.111,9,36
792,210617_2_MMImages_Pos5.ome-1_mitosis.tif:780,16.222,10.889,10,36
793,210617_2_MMImages_Pos5.ome-1_mitosis.tif:781,0.000,0.000,0,0
794,210617_2_MMImages_Pos5.ome-1_mitosis.tif:782,0.000,0.000,0,0
795,210617_2_MMImages_Pos5.ome-1_mitosis.tif:783,0.000,0.000,0,0
796,210617_2_MMImages_Pos5.ome-1_mitosis.tif:784,0.000,0.000,0,0
797,210617_2_MMImages_Pos5.ome-1_mitosis.tif:785,0.000,0.000,0,0
798,210617_2_MMImages_Pos5.ome-1_mitosis.tif:786,22.222,16.444,16,36
799,210617_2_MMImages_Pos5.ome-1_mitosis.tif:787,22.000,16.222,17,36
800,210617_2_MMImages_Pos5.ome-1_mitosis.tif:788,0.000,0.000,0,0
801,210617_2_MMImages_Pos5.ome-1_mitosis.tif:789,0.000,0.000,0,0
802,210617_2_MMImages_Pos5.ome-1_mitosis.tif:790,0.000,0.000,0,0
803,210617_2_MMImages_Pos5.ome-1_mitosis.tif:791,0.000,0.000,0,0
804,210617_2_MMImages_Pos5.ome-1_mitosis.tif:792,0.000,0.000,0,0
805,210617_2_MMImages_Pos5.ome-1_mitosis.tif:793,0.000,0.000,0,0
806,210617_2_MMImages_Pos5.ome-1_mitosis.tif:794,0.000,0.000,0,0
807,210617_2_MMImages_Pos5.ome-1_mitosis.tif:795,0.000,0.000,0,0
808,210617_2_MMImages_Pos5.ome-1_mitosis.tif:796,0.000,0.000,0,0
809,210617_2_MMImages_Pos5.ome-1_mitosis.tif:797,0.000,0.000,0,0
810,210617_2_MMImages_Pos5.ome-1_mitosis.tif:798,0.000,0.000,0,0
811,210617_2_MMImages_Pos5.ome-1_mitosis.tif:799,0.000,0.000,0,0
812,210617_2_MMImages_Pos5.ome-1_mitosis.tif:800,0.000,0.000,0,0
813,210617_2_MMImages_Pos5.ome-1_mitosis.tif:801,17.778,12.889,9,37
814,210617_2_MMImages_Pos5.ome-1_mitosis.tif:802,16.667,12.889,10,37
815,210617_2_MMImages_Pos5.ome-1_mitosis.tif:803,17.111,12.222,11,37
816,210617_2_MMImages_Pos5.ome-1_mitosis.tif:804,0.000,0.000,0,0
817,210617_2_MMImages_Pos5.ome-1_mitosis.tif:805,0.000,0.000,0,0
818,210617_2_MMImages_Pos5.ome-1_mitosis.tif:806,0.000,0.000,0,0
819,210617_2_MMImages_Pos5.ome-1_mitosis.tif:807,0.000,0.000,0,0
820,210617_2_MMImages_Pos5.ome-1_mitosis.tif:808,19.333,17.556,16,37
821,210617_2_MMImages_Pos5.ome-1_mitosis.tif:809,0.000,0.000,0,0
822,210617_2_MMImages_Pos5.ome-1_mitosis.tif:810,20.222,17.556,18,37
823,210617_2_MMImages_Pos5.ome-1_mitosis.tif:811,0.000,0.000,0,0
824,210617_2_MMImages_Pos5.ome-1_mitosis.tif:812,0.000,0.000,0,0
825,210617_2_MMImages_Pos5.ome-1_mitosis.tif:813,0.000,0.000,0,0
826,210617_2_MMImages_Pos5.ome-1_mitosis.tif:814,0.000,0.000,0,0
827,210617_2_MMImages_Pos5.ome-1_mitosis.tif:815,0.000,0.000,0,0
828,210617_2_MMImages_Pos5.ome-1_mitosis.tif:816,0.000,0.000,0,0
829,210617_2_MMImages_Pos5.ome-1_mitosis.tif:817,0.000,0.000,0,0
830,210617_2_MMImages_Pos5.ome-1_mitosis.tif:818,0.000,0.000,0,0
831,210617_2_MMImages_Pos5.ome-1_mitosis.tif:819,0.000,0.000,0,0
832,210617_2_MMImages_Pos5.ome-1_mitosis.tif:820,0.000,0.000,0,0
833,210617_2_MMImages_Pos5.ome-1_mitosis.tif:821,0.000,0.000,0,0
834,210617_2_MMImages_Pos5.ome-1_mitosis.tif:822,0.000,0.000,0,0
835,210617_2_MMImages_Pos5.ome-1_mitosis.tif:823,0.000,0.000,0,0
836,210617_2_MMImages_Pos5.ome-1_mitosis.tif:824,16.889,13.333,10,38
837,210617_2_MMImages_Pos5.ome-1_mitosis.tif:825,16.000,13.111,11,38
838,210617_2_MMImages_Pos5.ome-1_mitosis.tif:826,16.667,13.111,12,38
839,210617_2_MMImages_Pos5.ome-1_mitosis.tif:827,0.000,0.000,0,0
840,210617_2_MMImages_Pos5.ome-1_mitosis.tif:828,0.000,0.000,0,0
841,210617_2_MMImages_Pos5.ome-1_mitosis.tif:829,16.667,17.556,15,38
842,210617_2_MMImages_Pos5.ome-1_mitosis.tif:830,17.778,18.000,16,38
843,210617_2_MMImages_Pos5.ome-1_mitosis.tif:831,0.000,0.000,0,0
844,210617_2_MMImages_Pos5.ome-1_mitosis.tif:832,0.000,0.000,0,0
845,210617_2_MMImages_Pos5.ome-1_mitosis.tif:833,0.000,0.000,0,0
846,210617_2_MMImages_Pos5.ome-1_mitosis.tif:834,0.000,0.000,0,0
847,210617_2_MMImages_Pos5.ome-1_mitosis.tif:835,0.000,0.000,0,0
848,210617_2_MMImages_Pos5.ome-1_mitosis.tif:836,0.000,0.000,0,0
